method,trajectory_id,seed,final_best_fitness,nominal_fitness,optimized_fitness,improvement_ratio,absolute_DH_error_mean,theta_error,d_error,a_error,alpha_error,runtime_total,runtime_per_measurement,mean_Dx,min_Dx,mean_Dv,min_Dv,max_Dv,final_w,final_c1,final_c2,final_vmax_scale
DE,smooth_sine,0,2.6105690002441406,0.015039737336337566,0.005221138242632151,2.8805476195848687,0.004974879790097475,0.010273333638906479,0.005123199429363012,0.0015293678734451532,0.002973617520183325,15.467618703842163,0.030927683353424072,0.022837430400494487,0.002529770601540804,0.0013935435563820647,0.0,0.06140671297907829,nan,nan,nan,nan
DE,smooth_sine,1,2.4851016998291016,0.020959820598363876,0.004970203619450331,4.217094952878789,0.004376839380711317,0.0012056216364726424,0.0028991582803428173,0.0049098520539700985,0.008492724969983101,15.390869379043579,0.030774377822875978,0.027524400059878825,0.004178732633590698,0.0015490788953844458,0.0,0.0531870499253273,nan,nan,nan,nan
DE,smooth_sine,2,2.568296194076538,0.012076321989297867,0.0051365927793085575,2.3510374499501348,0.00696043623611331,0.0008816705085337162,0.0058823153376579285,0.008768584579229355,0.012309174053370953,15.5519700050354,0.03109594202041626,0.020971824647765605,0.001833069254644215,0.0014526861957187066,0.0,0.062316592782735825,nan,nan,nan,nan
DE,smooth_sine,3,2.543173313140869,0.017525101080536842,0.005086347460746765,3.4455178722618864,0.006822854280471802,0.013384814374148846,0.006424173712730408,0.0056568775326013565,0.001825550920329988,15.33151388168335,0.03065558338165283,0.026010150957107545,0.003181932494044304,0.0014604045195766957,0.0,0.06545941531658173,nan,nan,nan,nan
DE,smooth_sine,4,2.599818706512451,0.02411685697734356,0.005199637729674578,4.638180240847842,0.009918315336108208,0.0035928371362388134,0.0066774203442037106,0.008219677023589611,0.021183326840400696,15.317543983459473,0.030627273559570314,0.01948251395635307,0.004049195908010006,0.0014970205045392504,0.0,0.0555848553776741,nan,nan,nan,nan
DE,smooth_sine,5,2.541410446166992,0.024160508066415787,0.005082821007817984,4.75336590237076,0.005027961917221546,0.0042708078399300575,0.007193500176072121,0.0017689680680632591,0.00687857111915946,15.32391881942749,0.030640233993530275,0.023702188678551464,0.0019893404096364975,0.0014089085634277484,0.0,0.06915462017059326,nan,nan,nan,nan
DE,smooth_sine,6,2.5722365379333496,0.011148199439048767,0.005144473165273666,2.1670245097790737,0.007480903994292021,0.007231432944536209,0.007880503311753273,0.002810921287164092,0.012000758200883865,15.379199743270874,0.03075020933151245,0.021428013565111904,0.002025210065767169,0.0014276922869107694,0.0,0.055263541638851166,nan,nan,nan,nan
DE,smooth_sine,7,2.596428871154785,0.01267763040959835,0.005192858166992664,2.4413588821241263,0.003055291948840022,0.0011222315952181816,0.003813360817730427,0.0066507719457149506,0.0006348034366965294,15.528616666793823,0.03104900312423706,0.021766835052799433,0.002115024719387293,0.001249069746711757,0.0,0.05719498544931412,nan,nan,nan,nan
DE,smooth_sine,8,2.4851932525634766,0.01499839499592781,0.004970386624336243,3.0175509732969177,0.003949781879782677,0.0016027645906433463,0.007492209784686565,0.004007816314697266,0.002696338575333357,15.786432266235352,0.03156460475921631,0.02085783517630771,0.0022078058682382107,0.0014050122924352763,0.0,0.050838179886341095,nan,nan,nan,nan
DE,smooth_sine,9,2.497763156890869,0.008242773823440075,0.004995526745915413,1.6500309662399006,0.002789699239656329,0.0015523997135460377,0.0054243020713329315,0.0035816680174320936,0.0006004259339533746,15.660741806030273,0.031313283920288086,0.02566603300664574,0.0025112892035394907,0.0014799710824416252,0.0,0.06038827449083328,nan,nan,nan,nan
DE,smooth_sine,10,2.533681869506836,0.01671908050775528,0.0050673638470470905,3.299364524119973,0.0034329406917095184,0.006052419543266296,0.0036020248662680387,0.0013086162507534027,0.0027687023393809795,15.348664045333862,0.03068906354904175,0.01922357633295469,0.0018571820110082626,0.0013168114398184117,0.0,0.059467293322086334,nan,nan,nan,nan
DE,smooth_sine,11,2.528670072555542,0.012740551494061947,0.0050573404878377914,2.519219642161967,0.006865333765745163,0.008172955363988876,0.005205930210649967,0.003464548382908106,0.01061789970844984,15.31455945968628,0.03062122201919556,0.01921498531801626,0.002548611955717206,0.0014208810388634447,0.0,0.061059802770614624,nan,nan,nan,nan
DE,smooth_sine,12,2.539834976196289,0.019283711910247803,0.0050796703435480595,3.7962526317758,0.0023975567892193794,0.001021149568259716,0.004824981093406677,0.0012488258071243763,0.002495270222425461,15.35486388206482,0.03070193862915039,0.019154417482391,0.0032169597689062357,0.001472780750435777,0.0,0.04893413558602333,nan,nan,nan,nan
DE,smooth_sine,13,2.484271287918091,0.011258515529334545,0.004968543071299791,2.2659591288174687,0.007144903298467398,0.005147429183125496,0.006944903172552586,0.007888196967542171,0.008599085733294487,15.373537540435791,0.030739007472991943,0.020618014817498625,0.0019640177488327026,0.0013953372420801315,0.0,0.04780774936079979,nan,nan,nan,nan
DE,smooth_sine,14,2.5944790840148926,0.013951691798865795,0.005188958253711462,2.6887269306679595,0.008289775811135769,0.010084694251418114,0.005962488707154989,0.0025145867839455605,0.014597333036363125,15.46051812171936,0.030913143157958983,0.017660076518636197,0.0032049838919192553,0.0013277874809049536,0.0,0.05241157114505768,nan,nan,nan,nan
DE,smooth_sine,15,2.5998308658599854,0.010152979753911495,0.005199662409722805,1.9526228731554809,0.00418073870241642,0.005530265625566244,0.003831639885902405,0.003256998723372817,0.004104049876332283,15.6223623752594,0.03123676633834839,0.020396233344031497,0.0015524877235293388,0.0012720732846151805,0.0,0.05652058869600296,nan,nan,nan,nan
DE,smooth_sine,16,2.4694409370422363,0.015258131548762321,0.004938882309943438,3.089389580724199,0.006750013679265976,0.01126783899962902,0.003893680637702346,0.006540515925735235,0.005298019386827946,15.51703143119812,0.031026118278503417,0.021383251665718854,0.003085910342633724,0.0012999561930752503,0.0,0.05575025826692581,nan,nan,nan,nan
DE,smooth_sine,17,2.487929344177246,0.02239331603050232,0.004975859075784683,4.500391930205728,0.010002166964113712,0.012219183146953583,0.008479500189423561,0.0076567563228309155,0.011653228662908077,15.551984071731567,0.031096074104309084,0.020559023391641677,0.003574456786736846,0.0014146146959683392,0.0,0.055912457406520844,nan,nan,nan,nan
DE,smooth_sine,18,2.5724964141845703,0.010779408738017082,0.005144992843270302,2.095126089848045,0.005009565968066454,0.006083985790610313,0.005420403089374304,0.0020965994335711002,0.006437275558710098,15.468010663986206,0.03092821407318115,0.019392263557994737,0.001574167748913169,0.00128071341427858,0.0,0.049845464527606964,nan,nan,nan,nan
DE,smooth_sine,19,2.5751678943634033,0.014590555801987648,0.005150335840880871,2.8329328907398397,0.007781761698424816,0.007283629383891821,0.005006657913327217,0.0044174473732709885,0.014419309794902802,15.409319639205933,0.030810709476470948,0.027477719714678824,0.003063157433643937,0.0015607062836817931,0.0,0.05742279067635536,nan,nan,nan,nan
DE,multi_frequency,0,2.6031787395477295,0.015084384009242058,0.005206357687711716,2.897300745364636,0.003713484387844801,0.0056798337027430534,0.004159032832831144,0.0013522529043257236,0.0036628171801567078,15.416731834411621,0.030825355052948,0.01748058282006532,0.0025793458335101604,0.0012319763302250067,0.0,0.05864543467760086,nan,nan,nan,nan
DE,multi_frequency,1,2.4903969764709473,0.020923959091305733,0.004980794154107571,4.20092829454719,0.00666093360632658,0.006688488647341728,0.008207286708056927,0.007297390606254339,0.0044505661353468895,15.423447132110596,0.03083944082260132,0.022070437452849,0.0030163568444550037,0.0015766361510846764,0.0,0.05055039003491402,nan,nan,nan,nan
DE,multi_frequency,2,2.565981864929199,0.011951453983783722,0.005131964106112719,2.3288264954051923,0.00316976523026824,0.00241215992718935,0.004621734842658043,0.0034013695549219847,0.002243796130642295,15.418509244918823,0.030828818798065184,0.022475362960994245,0.0017442501848563552,0.0015067345946910792,0.0,0.06234683096408844,nan,nan,nan,nan
DE,multi_frequency,3,2.5455384254455566,0.01765170320868492,0.00509107718244195,3.4671843651402336,0.009506311267614365,0.008354974910616875,0.008926601149141788,0.004870228469371796,0.015873443335294724,15.276061058044434,0.03054419231414795,0.021298198878765107,0.0021648963447660208,0.0014173639244982042,0.0,0.06829833984375,nan,nan,nan,nan
DE,multi_frequency,4,2.589061737060547,0.02482086606323719,0.005178123712539673,4.793409242643123,0.0036009526811540127,0.004755750298500061,0.003520237049087882,0.0028203686233609915,0.0033074538223445415,15.317339181900024,0.03062719202041626,0.018525693674758075,0.0015099614392966032,0.0014502415989816654,0.0,0.055796973407268524,nan,nan,nan,nan
DE,multi_frequency,5,2.5722129344940186,0.02460472099483013,0.005144426133483648,4.782792163091778,0.0064130667597055435,0.007662204559892416,0.006358124315738678,0.0021167255472391844,0.00951521284878254,15.55948519706726,0.031110953330993653,0.019895449946448207,0.00501962099224329,0.0015333315333526116,0.0,0.07033240050077438,nan,nan,nan,nan
DE,multi_frequency,6,2.563838005065918,0.011178993619978428,0.005127676296979189,2.1801285753088946,0.004541745409369469,0.0032899193465709686,0.00788842886686325,0.0013291090726852417,0.005659524351358414,15.483867406845093,0.030959898471832274,0.01919774369522929,0.001947473268955946,0.0013421127047462506,0.0,0.05190812423825264,nan,nan,nan,nan
DE,multi_frequency,7,2.6146719455718994,0.012554533779621124,0.005229344125837088,2.400785543562111,0.0036069974303245544,0.0019232904305681586,0.006395015865564346,0.005122179631143808,0.0009875036776065826,15.385780096054077,0.03076302194595337,0.021238246014714243,0.003122131573036313,0.0014703614392948111,0.0,0.05580620840191841,nan,nan,nan,nan
DE,multi_frequency,8,2.4846506118774414,0.014980282634496689,0.004969301167875528,3.014565253427988,0.007095019333064556,0.007857928983867168,0.0063161770813167095,0.005130138248205185,0.009075833484530449,15.374830722808838,0.030741235256195067,0.019087423944752664,0.0033495244570076466,0.0014112826931566814,0.0,0.04152187332510948,nan,nan,nan,nan
DE,multi_frequency,9,2.493624210357666,0.00820223055779934,0.004987248219549656,1.6446405305529375,0.004425778519362211,0.004633121192455292,0.005405002739280462,0.001037233741953969,0.006627757102251053,15.467300176620483,0.03092617177963257,0.01940796333393082,0.002935762982815504,0.0014122700687148608,0.0,0.06214922294020653,nan,nan,nan,nan
DE,multi_frequency,10,2.520786762237549,0.016599440947175026,0.005041573662310839,3.2925118344034194,0.0045602209866046906,0.0015214222948998213,0.005476165562868118,0.003803455037996173,0.007439841516315937,15.464193105697632,0.030920024394989015,0.017540759816579522,0.003792182542383671,0.0013410597900074207,0.0,0.049219608306884766,nan,nan,nan,nan
DE,multi_frequency,11,2.512263059616089,0.013071049004793167,0.00502452626824379,2.601449033594536,0.0021872916258871555,0.0021861137356609106,0.003991363104432821,0.0017620932776480913,0.0008095960947684944,15.243047952651978,0.030478196144104006,0.01654134637657553,0.002041846513748169,0.0012903479599190178,0.0,0.05414153262972832,nan,nan,nan,nan
DE,multi_frequency,12,2.546388626098633,0.018945185467600822,0.005092777777463198,3.7200102371318766,0.0041837324388325214,0.005715891718864441,0.0077026039361953735,0.0017126635648310184,0.0016037694877013564,15.3997483253479,0.030790767669677734,0.02122571759726852,0.003978610038757324,0.0015093376528879162,0.0,0.05625883489847183,nan,nan,nan,nan
DE,multi_frequency,13,2.4863696098327637,0.01104850322008133,0.004972739610821009,2.2218141476861284,0.0023941490799188614,0.0010949461720883846,0.0017135490197688341,0.002421718090772629,0.004346383269876242,15.596191167831421,0.031183808326721192,0.021063691136334092,0.002683288650587201,0.001433182589848002,0.0,0.046475671231746674,nan,nan,nan,nan
DE,multi_frequency,14,2.6112704277038574,0.013483589515089989,0.005222541280090809,2.5818062111814535,0.007619992829859257,0.008990022353827953,0.009237555786967278,0.009249841794371605,0.0030025518499314785,15.474796533584595,0.030941214561462402,0.013745477013476193,0.003294783178716898,0.0013558968653262127,0.0,0.0542069673538208,nan,nan,nan,nan
DE,multi_frequency,15,2.587700843811035,0.010137712582945824,0.005175401922315359,1.9588261424168651,0.004932495765388012,0.007083538919687271,0.005542542319744825,0.002769042504951358,0.004334859549999237,15.422079086303711,0.03083583211898804,0.02061874383902177,0.0016717447433620691,0.0014584660712602272,0.0,0.05652058869600296,nan,nan,nan,nan
DE,multi_frequency,16,2.479796886444092,0.01593276485800743,0.004959593527019024,3.212514245614773,0.004292745143175125,0.0043302131816744804,0.0036057610996067524,0.003427930176258087,0.005807075649499893,15.394622802734375,0.03078111457824707,0.024390511247701942,0.004157321527600288,0.0016027088993578217,0.0,0.05575025826692581,nan,nan,nan,nan
DE,multi_frequency,17,2.4696669578552246,0.022828133776783943,0.004939334001392126,4.621702798464317,0.003589808475226164,0.004686030559241772,0.005836416035890579,0.0006566073279827833,0.003180180210620165,15.461668729782104,0.030914950370788574,0.023230404350720345,0.0023660571314394474,0.0015539862743575669,0.0,0.05840228497982025,nan,nan,nan,nan
DE,multi_frequency,18,2.57352352142334,0.011078739538788795,0.005147046875208616,2.1524458213409527,0.004270832519978285,0.0066041527315974236,0.007761865854263306,0.0018579749157652259,0.0008593356469646096,15.288422584533691,0.03056854581832886,0.01941925869761035,0.0020140267442911863,0.001559800713052391,0.0,0.05025821924209595,nan,nan,nan,nan
DE,multi_frequency,19,2.5591838359832764,0.014754727482795715,0.005118367727845907,2.882701725888953,0.005042937584221363,0.006532440893352032,0.005543633364140987,0.002366570755839348,0.005729105323553085,15.28226923942566,0.030555551052093507,0.016304484134120868,0.00170324242208153,0.0012625754573906305,0.0,0.05460156872868538,nan,nan,nan,nan
DE,slow_sine,0,2.6419577598571777,0.015345421619713306,0.005283915903419256,2.9041759748263942,0.004364547785371542,0.006311807781457901,0.006409385707229376,0.0010691217612475157,0.0036678756587207317,15.295593500137329,0.030582911491394044,0.025674851072765886,0.004656755831092596,0.0014154082378809107,0.0,0.053208284080028534,nan,nan,nan,nan
DE,slow_sine,1,2.497753143310547,0.022914791479706764,0.004995506722480059,4.587080501080886,0.005089606158435345,0.005318469367921352,0.006229306571185589,0.0011600309517234564,0.007650616578757763,15.351756572723389,0.03069502544403076,0.023736659970507026,0.0037198744248598814,0.0013158615287473367,0.0,0.05592329800128937,nan,nan,nan,nan
DE,slow_sine,2,2.605093479156494,0.012781606987118721,0.0052101872861385345,2.4531953047299475,0.008307204581797123,0.006716636475175619,0.006433695554733276,0.0034699838142842054,0.016608502715826035,15.215711832046509,0.03042300796508789,0.026891025510802864,0.00404792744666338,0.0014430823227099608,0.0,0.05247374251484871,nan,nan,nan,nan
DE,slow_sine,3,2.540242910385132,0.016669724136590958,0.005080486182123423,3.281127738373995,0.004722110461443663,0.005412566941231489,0.009021648205816746,0.0023931865580379963,0.002061039675027132,15.295005083084106,0.030581182956695558,0.027796227540168913,0.003536607138812542,0.0013985903676442832,0.0,0.066239133477211,nan,nan,nan,nan
DE,slow_sine,4,2.5944325923919678,0.027573073282837868,0.005188865587115288,5.313892375879969,0.006503803189843893,0.01191735826432705,0.007170422933995724,0.002273826627060771,0.004653605632483959,15.232158899307251,0.030455880165100098,0.026529581431113183,0.006811185274273157,0.0015296209675318096,0.0,0.05560235679149628,nan,nan,nan,nan
DE,slow_sine,5,2.567858934402466,0.02233785204589367,0.005135718267410994,4.34950884818582,0.008825942873954773,0.005284863989800215,0.004201406612992287,0.014717045240104198,0.01110045425593853,15.321577072143555,0.030634704113006592,0.026738651992194353,0.004485500976443291,0.0015310663038049825,0.0,0.06300975382328033,nan,nan,nan,nan
DE,slow_sine,6,2.5782113075256348,0.010013172402977943,0.005156422965228558,1.9418834472074986,0.008473755791783333,0.006603891029953957,0.006843296345323324,0.0042055584490299225,0.01624227687716484,15.288203239440918,0.030568516731262207,0.03083904891740531,0.004449521191418171,0.001478066937654512,0.0,0.06016160175204277,nan,nan,nan,nan
DE,slow_sine,7,2.6094040870666504,0.0134307025000453,0.00521880853921175,2.573518917035013,0.006034619174897671,0.00453161122277379,0.006223719567060471,0.004237779416143894,0.009145365096628666,15.261467218399048,0.03051486921310425,0.028238695337064565,0.004721273202449083,0.0014436010076780803,0.0,0.061825819313526154,nan,nan,nan,nan
DE,slow_sine,8,2.500476837158203,0.012190083041787148,0.005000954028218985,2.437551509772319,0.006010160781443119,0.006442131008952856,0.00481651583686471,0.003520058002322912,0.00926193781197071,15.28173542022705,0.030555144309997558,0.032148070519417524,0.005419229622930288,0.0014241593405080494,0.0,0.05016756057739258,nan,nan,nan,nan
DE,slow_sine,9,2.5391807556152344,0.008823462761938572,0.005078361835330725,1.7374624038312445,0.009406093508005142,0.008314339444041252,0.008495659567415714,0.00402603205293417,0.016788344830274582,15.261475563049316,0.030514724254608154,0.029242132707312702,0.005254419520497322,0.0015275573169230483,0.0,0.06275475025177002,nan,nan,nan,nan
DE,slow_sine,10,2.549802780151367,0.015985364094376564,0.005099605768918991,3.134627423908716,0.005889821797609329,0.004362438805401325,0.008441753685474396,0.006856308318674564,0.0038987863808870316,15.320483207702637,0.03063230848312378,0.024976047368347645,0.005273345857858658,0.0015106377200281714,0.0,0.06535787880420685,nan,nan,nan,nan
DE,slow_sine,11,2.5177597999572754,0.014225959777832031,0.005035520065575838,2.8251222500500983,0.0061486950144171715,0.007717352360486984,0.007580350153148174,0.007530720438808203,0.0017663579201325774,15.268808603286743,0.03052952814102173,0.030358684348128735,0.004423307254910469,0.0014199822882481384,0.0,0.05899369716644287,nan,nan,nan,nan
DE,slow_sine,12,2.5534777641296387,0.015596545301377773,0.0051069557666778564,3.05398088684123,0.00879247672855854,0.009148839861154556,0.005443877540528774,0.007767298724502325,0.012809891253709793,15.292630434036255,0.030576296329498293,0.02695278083924204,0.004510429222136736,0.0014723504618363223,0.0,0.06559909135103226,nan,nan,nan,nan
DE,slow_sine,13,2.49520206451416,0.00993469450622797,0.004990404471755028,1.990759378815267,0.002958238124847412,0.0034281916450709105,0.005408415105193853,0.0014459192752838135,0.0015504276379942894,15.37181830406189,0.03073466205596924,0.02651144601535052,0.0047042835503816605,0.0013955707897199319,0.0,0.054925646632909775,nan,nan,nan,nan
DE,slow_sine,14,2.5977344512939453,0.014019730500876904,0.005195469129830599,2.698453238877011,0.0067240409553050995,0.007374207489192486,0.006796355824917555,0.0034226865973323584,0.009302914142608643,15.332125425338745,0.030655712604522704,0.02642045033313334,0.0053766872733831406,0.001464549949413049,0.0,0.05357961356639862,nan,nan,nan,nan
DE,slow_sine,15,2.5994672775268555,0.010914337821304798,0.005198934581130743,2.0993412498241097,0.009945551864802837,0.01568610779941082,0.008665020577609539,0.006154710426926613,0.009276367723941803,15.495866537094116,0.030983200550079346,0.019640304301772268,0.0036074072122573853,0.0012519963249826105,0.0,0.05556579679250717,nan,nan,nan,nan
DE,slow_sine,16,2.4657602310180664,0.017141886055469513,0.0049315206706523895,3.4759838192469377,0.006535610184073448,0.012472308240830898,0.004897398874163628,0.0044983490370213985,0.004274384584277868,15.538908958435059,0.031069623947143556,0.027247712989058346,0.0028317621909081936,0.0013473147313809023,0.0,0.058079611510038376,nan,nan,nan,nan
DE,slow_sine,17,2.4732954502105713,0.02423805370926857,0.004946591332554817,4.899950709441383,0.008745843544602394,0.014099769294261932,0.00924835167825222,0.004351504147052765,0.007283746264874935,15.541654825210571,0.031074932098388672,0.020968759301584212,0.003690068144351244,0.0013195248270378216,0.0,0.06584566831588745,nan,nan,nan,nan
DE,slow_sine,18,2.603128433227539,0.013724785298109055,0.005206257104873657,2.636209664955093,0.008665939792990685,0.010603560134768486,0.004586772061884403,0.007493301294744015,0.011980126611888409,15.436837196350098,0.030864812850952147,0.024737437450885774,0.003929229453206062,0.0013569267905317248,0.0,0.05150455981492996,nan,nan,nan,nan
DE,slow_sine,19,2.5760719776153564,0.016367118805646896,0.005152144003659487,3.176758800612248,0.006559267174452543,0.006647096015512943,0.005360770970582962,0.0026331886183470488,0.011596012860536575,15.535790920257568,0.031063177585601807,0.024742273990437387,0.005611141212284565,0.0013788330793322529,0.0,0.055466748774051666,nan,nan,nan,nan
DE,aggressive_sine,0,3.789555788040161,0.015385807491838932,0.007579111959785223,2.0300277358978263,0.009496727958321571,0.012111875228583813,0.006196314003318548,0.0009168802644126117,0.01876183971762657,15.412822008132935,0.030817338466644285,0.013128184174839408,0.0026982317212969065,0.0015765659787561163,0.0,0.050796542316675186,nan,nan,nan,nan
DE,aggressive_sine,1,2.4617326259613037,0.02204652689397335,0.00492346566170454,4.477847193178286,0.0021583077032119036,0.0016400113236159086,0.0048115742392838,0.0013574933400377631,0.0008241517352871597,15.39937973022461,0.030790369510650634,0.018444582853280007,0.0012108576484024525,0.0015399612889712443,0.0,0.05571172386407852,nan,nan,nan,nan
DE,aggressive_sine,2,2.555748462677002,0.013654648326337337,0.005111497361212969,2.6713597526140678,0.0012417862890288234,0.0012519541196525097,0.002766338177025318,0.0001829449029173702,0.0007659079856239259,15.417219638824463,0.03082610845565796,0.017818465255154296,0.001674603670835495,0.0015429352998631658,0.0,0.05031559243798256,nan,nan,nan,nan
DE,aggressive_sine,3,2.5359435081481934,0.016014711931347847,0.005071887280791998,3.1575449225770407,0.0030282423831522465,0.001221236540004611,0.00723420362919569,0.0015414910158142447,0.002116038464009762,15.458450317382812,0.030908398151397704,0.017200907178968192,0.0015487633645534515,0.0014383053817145991,0.0,0.0610266849398613,nan,nan,nan,nan
DE,aggressive_sine,4,2.5904297828674316,0.022721795365214348,0.005180859938263893,4.385718903033774,0.0044841468334198,0.008554436266422272,0.0042137522250413895,0.002658658428117633,0.0025097420439124107,15.517563343048096,0.03102684450149536,0.01787368172223214,0.0009595105657353997,0.001488313292926614,0.0,0.058788176625967026,nan,nan,nan,nan
DE,aggressive_sine,5,2.5387966632843018,0.02273814007639885,0.005077593959867954,4.478132803866453,0.00411068182438612,0.00528710475191474,0.006723344326019287,0.0004736366681754589,0.003958641551434994,15.505131006240845,0.0310018949508667,0.01882639402197674,0.002894139150157571,0.0016691048658452928,0.0,0.05214338004589081,nan,nan,nan,nan
DE,aggressive_sine,6,2.5632858276367188,0.010748608037829399,0.005126572214066982,2.096646177798084,0.0032847397960722446,0.005026550963521004,0.004224484320729971,0.0023395137395709753,0.0015484098112210631,15.392933368682861,0.030777476787567138,0.014710460162023082,0.0012803508434444666,0.0013916837455210044,0.0,0.057145439088344574,nan,nan,nan,nan
DE,aggressive_sine,7,2.597862482070923,0.013134665787220001,0.005195725243538618,2.527975435874754,0.002242628252133727,0.0019913585856556892,0.004776265472173691,0.0012740055099129677,0.0009288830915465951,15.519164323806763,0.031030415058135988,0.017630740245897322,0.0021137252915650606,0.0014132897220828454,0.0,0.05171534791588783,nan,nan,nan,nan
DE,aggressive_sine,8,2.485348701477051,0.01475795079022646,0.004970697686076164,2.9689898123489153,0.0029032628517597914,0.001873952685855329,0.005360482260584831,0.0004671285569202155,0.0039114877581596375,15.42040205001831,0.030832303047180175,0.017214153456827627,0.0014964004512876272,0.0014091760086259455,0.0,0.054031603038311005,nan,nan,nan,nan
DE,aggressive_sine,9,2.4768805503845215,0.008800804615020752,0.004953760653734207,1.776590600594842,0.002536672865971923,0.003905882593244314,0.0007971926825121045,0.0006644655950367451,0.004779150243848562,15.520496606826782,0.031032594203948976,0.016686510300729422,0.0010628903983160853,0.001475896158714022,0.0,0.048545561730861664,nan,nan,nan,nan
DE,aggressive_sine,10,2.5224990844726562,0.01650572381913662,0.005044998601078987,3.271700375815069,0.0033845247235149145,0.004084793850779533,0.005961881019175053,0.0013905533123761415,0.002100870478898287,15.491460084915161,0.030974390983581544,0.016240050076460465,0.0009386570891365409,0.0014289473545810324,0.0,0.05540366470813751,nan,nan,nan,nan
DE,aggressive_sine,11,2.507772445678711,0.01224487368017435,0.005015545058995485,2.4413844429954654,0.0036256960593163967,0.007653213106095791,0.0035451827570796013,0.0022424671333283186,0.0010619218228384852,15.440100193023682,0.030871650218963622,0.018711806647991762,0.0013240254484117031,0.0015504020945917546,0.0,0.050455253571271896,nan,nan,nan,nan
DE,aggressive_sine,12,2.541781425476074,0.01994498446583748,0.005083563271909952,3.9234260299358725,0.0037443439941853285,0.0019197337096557021,0.007031891494989395,0.00176199059933424,0.004263760056346655,15.805399894714355,0.031602306842803955,0.01744463091697544,0.0020459447987377644,0.0016621660011238418,0.0,0.05860627815127373,nan,nan,nan,nan
DE,aggressive_sine,13,2.4849958419799805,0.01176640298217535,0.004969991743564606,2.3674894424947643,0.0028802035376429558,0.002299637533724308,0.002627401612699032,0.00322575937025249,0.003368015866726637,15.3927481174469,0.030777249336242676,0.017180149004794656,0.0027434593066573143,0.0014148525042575785,0.0,0.059624239802360535,nan,nan,nan,nan
DE,aggressive_sine,14,2.577622413635254,0.014098839834332466,0.005155244842171669,2.734853584256392,0.0032670237123966217,0.005484896712005138,0.004811516031622887,0.00182540831156075,0.0009462741436436772,15.36885690689087,0.030729570388793946,0.015858849837258458,0.0017080965917557478,0.0015157287842666846,0.0,0.06195273622870445,nan,nan,nan,nan
DE,aggressive_sine,15,2.593454599380493,0.011016798205673695,0.005186909809708595,2.1239617826114903,0.0037255375646054745,0.00136683345772326,0.006007079035043716,0.0011219421867281199,0.006406295113265514,15.364391088485718,0.030720592021942137,0.018397291868366302,0.0019322442822158337,0.0014796465578794597,0.0,0.053317248821258545,nan,nan,nan,nan
DE,aggressive_sine,16,2.4617719650268555,0.0161407683044672,0.004923544358462095,3.2782822961117564,0.00312750693410635,0.003297087736427784,0.006021168082952499,0.0014478052034974098,0.0017439665971323848,15.408578872680664,0.030808995246887207,0.01746810579681769,0.0016159088118001819,0.0013940682179978466,0.0,0.05279520899057388,nan,nan,nan,nan
DE,aggressive_sine,17,2.4658524990081787,0.022993169724941254,0.004931705072522163,4.662316457861932,0.001964372582733631,0.0010519882198423147,0.0037498585879802704,0.0022304710000753403,0.0008251719991676509,15.45236873626709,0.03089629650115967,0.021983033602591604,0.0022628840524703264,0.0016296777287134318,0.0,0.05597319453954697,nan,nan,nan,nan
DE,aggressive_sine,18,2.5658750534057617,0.011726200580596924,0.005131750367581844,2.2850294228404726,0.004057783633470535,0.010470489971339703,0.00426414655521512,0.0002158712304662913,0.0012806275626644492,15.382508516311646,0.030757161617279052,0.015384264998836442,0.0011406729463487864,0.001366117301423219,0.0,0.053685370832681656,nan,nan,nan,nan
DE,aggressive_sine,19,2.547703742980957,0.014580590650439262,0.005095407832413912,2.8615159237473273,0.0046129245311021805,0.00900699757039547,0.007943568751215935,0.000609206035733223,0.0008919250685721636,15.364870071411133,0.030721545219421387,0.017561659094598146,0.0013320406433194876,0.0015376558333373396,0.0,0.05402963235974312,nan,nan,nan,nan
DE,random_smooth,0,2.5527021884918213,0.009040974080562592,0.005105404183268547,1.770863531273726,0.0017625985201448202,0.0013399053132161498,0.0032501849345862865,0.0011216388083994389,0.001338664791546762,15.437119245529175,0.030867008209228514,0.016538015725184232,0.0015738121001049876,0.001341096159061999,0.0,0.056284092366695404,nan,nan,nan,nan
DE,random_smooth,1,2.631755828857422,0.015223011374473572,0.005263512022793293,2.892177562918318,0.003918811678886414,0.0065863123163580894,0.006434247829020023,0.0008326729293912649,0.001822013407945633,15.503270626068115,0.030998978137969972,0.015226233436353504,0.0018507817294448614,0.0013384882950093016,0.0,0.06035299971699715,nan,nan,nan,nan
DE,random_smooth,2,2.53188157081604,0.018666371703147888,0.005063763353973627,3.686264621449983,0.0025712845381349325,0.0016615651547908783,0.006473582237958908,0.0012767419684678316,0.0008732484420761466,15.389630317687988,0.03077185916900635,0.018827332346048206,0.002000401495024562,0.0014493499094707658,0.0,0.056302960962057114,nan,nan,nan,nan
DE,random_smooth,3,2.503765344619751,0.007197811268270016,0.005007531028240919,1.4373972378157214,0.0016495033632963896,0.0023936768993735313,0.0029216050170361996,0.000506859621964395,0.000775871507357806,15.40878939628601,0.030809861660003664,0.015324999853316694,0.002089322544634342,0.001293961481579754,0.0,0.05373465642333031,nan,nan,nan,nan
DE,random_smooth,4,2.56337308883667,0.008941370993852615,0.005126746371388435,1.7440634558699841,0.0029945969581604004,0.0028949351981282234,0.006335705518722534,0.001164513872936368,0.001583233242854476,15.356309175491333,0.030704999923706056,0.016559770334511996,0.0018845373997464776,0.001357675378047861,0.0,0.05983300879597664,nan,nan,nan,nan
DE,random_smooth,5,2.567579507827759,0.010938677005469799,0.005135159473866224,2.1301533206785006,0.0025406833738088608,0.0015005473978817463,0.005906752310693264,0.0010745301842689514,0.0016809034859761596,15.472839117050171,0.03093810796737671,0.016627273967023938,0.0012479779543355107,0.0013783266661048402,0.0,0.05759997293353081,nan,nan,nan,nan
DE,random_smooth,6,2.5367207527160645,0.019628193229436874,0.005073441658169031,3.868812248551716,0.001155042089521885,0.0014023312833160162,0.0024216491729021072,0.0003243464161641896,0.00047184174763970077,15.459439992904663,0.03091131544113159,0.015443010644428433,0.001720891334116459,0.0012730799235752784,0.0,0.06172802299261093,nan,nan,nan,nan
DE,random_smooth,7,2.599806308746338,0.008221260271966457,0.00519961304962635,1.58112924817689,0.0030235815793275833,0.0024092604871839285,0.006499257870018482,0.0011411351151764393,0.0020446728449314833,15.46096134185791,0.030914146423339842,0.016161654277145863,0.0014007617719471455,0.001460827683833486,0.0,0.05971304327249527,nan,nan,nan,nan
DE,random_smooth,8,2.5581305027008057,0.012847407720983028,0.00511626061052084,2.5110932962570787,0.0033201430924236774,0.0038404371589422226,0.0067461105063557625,0.0009372813510708511,0.0017567435279488564,15.537953615188599,0.03106804847717285,0.015395279404148459,0.0022354864049702883,0.0013228071147226728,0.0,0.05369747430086136,nan,nan,nan,nan
DE,random_smooth,9,2.582198143005371,0.011095722205936909,0.005164396483451128,2.1485031680840563,0.002379657933488488,0.0028431378304958344,0.004368701484054327,0.00071384955663234,0.001592942513525486,15.410489559173584,0.030813341617584228,0.015816314841713756,0.002885059453547001,0.0014370178496814334,0.0,0.04648149758577347,nan,nan,nan,nan
DE,random_smooth,10,2.5868163108825684,0.007735643535852432,0.005173632875084877,1.4952053465381467,0.0020548254251480103,0.0038153515197336674,0.0028315100353211164,0.0002921026316471398,0.0012803373392671347,15.307763814926147,0.03060767698287964,0.015169978848844766,0.0015039596473798156,0.0011967963173259621,0.0,0.06317794322967529,nan,nan,nan,nan
DE,random_smooth,11,2.5295050144195557,0.00952437985688448,0.005059010349214077,1.8826567252158524,0.0017998762195929885,0.0016595746856182814,0.0042288172990083694,0.0008985598105937243,0.0004125529376324266,15.3533353805542,0.030698556900024414,0.020012366412114353,0.002088012406602502,0.001395438187441323,0.0,0.052376531064510345,nan,nan,nan,nan
DE,random_smooth,12,2.5041704177856445,0.014134278520941734,0.005008341278880835,2.822147640086577,0.0018863908480852842,0.002400243654847145,0.004199407994747162,0.0005655167624354362,0.0003803949221037328,15.508207082748413,0.031007991790771485,0.020368729710020125,0.00246898690238595,0.0015470499185379594,0.0,0.05623906850814819,nan,nan,nan,nan
DE,random_smooth,13,2.5332281589508057,0.01487443782389164,0.005066457204520702,2.9358656795954903,0.0021179369650781155,0.0011414755135774612,0.0055450438521802425,0.0008848730358295143,0.0009003552841022611,15.472654342651367,0.030937273025512694,0.016610646797716618,0.0017492009792476892,0.0014078121268132236,0.0,0.05350250005722046,nan,nan,nan,nan
DE,random_smooth,14,2.606344223022461,0.022129042074084282,0.005212688352912664,4.245226373780692,0.0024037857074290514,0.0042557609267532825,0.003275676164776087,0.0013756162952631712,0.0007080890936776996,15.44399094581604,0.03088002347946167,0.016332317681144924,0.0020514754578471184,0.0012835935351751687,0.0,0.054426904767751694,nan,nan,nan,nan
DE,random_smooth,15,2.5388128757476807,0.020930428057909012,0.0050776260904967785,4.122089276538526,0.001977561041712761,0.0008469349704682827,0.004369810223579407,0.0014296675799414515,0.0012638315092772245,15.413820743560791,0.03081959819793701,0.01587669773567468,0.0021545984782278538,0.0014003551362809959,0.0,0.0613800510764122,nan,nan,nan,nan
DE,random_smooth,16,2.5998878479003906,0.010898185893893242,0.005199776031076908,2.0958952517876344,0.0022035017609596252,0.0033955746330320835,0.003556417301297188,0.000882666208781302,0.000979348667897284,15.425506114959717,0.030843058109283446,0.015683301377110184,0.0018260817741975188,0.0012435594242386288,0.0,0.047510698437690735,nan,nan,nan,nan
DE,random_smooth,17,2.5363125801086426,0.014411384239792824,0.005072625353932381,2.8410109626213353,0.002816969994455576,0.0037239945959299803,0.00533662736415863,0.0009216800099238753,0.0012855781242251396,15.397863864898682,0.030787665843963623,0.01751509624333121,0.0015790394973009825,0.00135352027019253,0.0,0.06391601264476776,nan,nan,nan,nan
DE,random_smooth,18,2.613953113555908,0.00832311250269413,0.005227906629443169,1.5920545435564972,0.0016346678603440523,0.0011678461451083422,0.0035346201620996,0.0004810129466932267,0.00135519215837121,15.492023229598999,0.030975905895233153,0.014825710858684032,0.0015154085122048855,0.0013350617007949041,0.0,0.06039987504482269,nan,nan,nan,nan
DE,random_smooth,19,2.566957473754883,0.024314062669873238,0.005133915226906538,4.735968864940487,0.002287512645125389,0.0016313651576638222,0.0051972633227705956,0.0015122825279831886,0.0008091391064226627,15.443223476409912,0.03087829828262329,0.018579044566117225,0.0014815687900409102,0.001330442482228682,0.0,0.048997655510902405,nan,nan,nan,nan
